Country Name,Country Code,Year,Value
Aruba,ABW,2018,108908.0
Africa Eastern and Southern,AFE,2018,657801085.0
Afghanistan,AFG,2018,36743039.0
Africa Western and Central,AFW,2018,452195915.0
Angola,AGO,2018,31297155.0
Albania,ALB,2018,2866376.0
Andorra,AND,2018,75162.0
Arab World,ARB,2018,435998060.0
United Arab Emirates,ARE,2018,9346701.0
Argentina,ARG,2018,44654882.0
Armenia,ARM,2018,2969000.0
American Samoa,ASM,2018,50908.0
Antigua and Barbuda,ATG,2018,90926.0
Australia,AUS,2018,24963258.0
Austria,AUT,2018,8840521.0
Azerbaijan,AZE,2018,9939771.0
Burundi,BDI,2018,11859446.0
Belgium,BEL,2018,11427054.0
Benin,BEN,2018,12383347.0
Burkina Faso,BFA,2018,20438288.0
Bangladesh,BGD,2018,163523103.0
Bulgaria,BGR,2018,7025037.0
Bahrain,BHR,2018,1503091.0
Bahamas,BHS,2018,392717.0
Bosnia and Herzegovina,BIH,2018,3387000.0
Belarus,BLR,2018,9438785.0
Belize,BLZ,2018,380226.0
Bermuda,BMU,2018,63831.0
Bolivia,BOL,2018,11508368.0
Brazil,BRA,2018,206107261.0
Barbados,BRB,2018,280711.0
Brunei,BRN,2018,437810.0
Bhutan,BTN,2018,759759.0
Botswana,BWA,2018,2299141.0
Central African Republic,CAF,2018,4878657.0
Canada,CAN,2018,37072620.0
Central Europe and the Baltics,CEB,2018,102439383.0
Switzerland,CHE,2018,8514329.0
Channel Islands,CHI,2018,164949.0
Chile,CHL,2018,18893191.0
China,CHN,2018,1402760000.0
Cote d'Ivoire,CIV,2018,27464173.0
Cameroon,CMR,2018,24806383.0
"Congo, Dem. Rep.",COD,2018,90047644.0
"Congo, Rep.",COG,2018,5483118.0
Colombia,COL,2018,49024465.0
Comoros,COM,2018,771590.0
Cabo Verde,CPV,2018,513415.0
Costa Rica,CRI,2018,4957818.0
Caribbean small states,CSS,2018,3048465.0
Cuba,CUB,2018,11227118.0
Curacao,CUW,2018,159336.0
Cayman Islands,CYM,2018,65941.0
Cyprus,CYP,2018,1270737.0
Czech Republic,CZE,2018,10629928.0
Germany,DEU,2018,82905782.0
Djibouti,DJI,2018,1071882.0
Dominica,DMA,2018,68174.0
Denmark,DNK,2018,5793636.0
Dominican Republic,DOM,2018,10782053.0
Algeria,DZA,2018,42505035.0
East Asia & Pacific (excluding high income),EAP,2018,2100698838.0
Early-demographic dividend,EAR,2018,3314245247.0
East Asia & Pacific,EAS,2018,2347576325.0
Europe & Central Asia (excluding high income),ECA,2018,246654915.5
Europe & Central Asia,ECS,2018,919738352.5
Ecuador,ECU,2018,17049547.0
Egypt,EGY,2018,105682094.0
Euro area,EMU,2018,346105839.0
Eritrea,ERI,2018,3192760.0
Spain,ESP,2018,46797754.0
Estonia,EST,2018,1321977.0
Ethiopia,ETH,2018,112664152.0
European Union,EUU,2018,446953938.0
Fragile and conflict affected situations,FCS,2018,953648681.0
Finland,FIN,2018,5515525.0
Fiji,FJI,2018,917180.0
France,FRA,2018,67158348.0
Faroe Islands,FRO,2018,50998.0
"Micronesia, Fed. Sts.",FSM,2018,109909.0
Gabon,GAB,2018,2212318.0
United Kingdom,GBR,2018,66460344.0
Georgia,GEO,2018,3726549.0
Ghana,GHA,2018,30637585.0
Gibraltar,GIB,2018,34854.0
Guinea,GIN,2018,12704774.0
Gambia,GMB,2018,2399632.0
Guinea-Bissau,GNB,2018,1922168.0
Equatorial Guinea,GNQ,2018,1616422.0
Greece,GRC,2018,10732882.0
Grenada,GRD,2018,115691.0
Greenland,GRL,2018,56023.0
Guatemala,GTM,2018,16845685.0
Guam,GUM,2018,162679.0
Guyana,GUY,2018,791556.0
High income,HIC,2018,1379152141.0
Hong Kong SAR,HKG,2018,7452600.0
Honduras,HND,2018,9765210.0
Heavily indebted poor countries (HIPC),HPC,2018,802020674.0
Croatia,HRV,2018,3988775.0
Haiti,HTI,2018,10962362.0
Hungary,HUN,2018,9775564.0
IBRD only,IBD,2018,4807550491.0
IDA & IBRD total,IBT,2018,6518627024.5
IDA total,IDA,2018,1711076533.5
IDA blend,IDB,2018,574487740.0
Indonesia,IDN,2018,269951846.0
IDA only,IDX,2018,1136588793.5
Isle of Man,IMN,2018,83805.0
India,IND,2018,1374659064.0
Ireland,IRL,2018,4867316.0
Iran,IRN,2018,86117998.0
Iraq,IRQ,2018,40265624.0
Iceland,ISL,2018,352721.0
Israel,ISR,2018,8882800.0
Italy,ITA,2018,60421760.0
Jamaica,JAM,2018,2820097.0
Jordan,JOR,2018,10462306.0
Japan,JPN,2018,126811000.0
Kazakhstan,KAZ,2018,18932727.0
Kenya,KEN,2018,50207107.0
Kyrgyz Republic,KGZ,2018,6444078.5
Cambodia,KHM,2018,16274522.0
Kiribati,KIR,2018,122084.0
St. Kitts and Nevis,KNA,2018,47008.0
South Korea,KOR,2018,51585058.0
Kuwait,KWT,2018,4323515.0
Latin America & Caribbean (excluding high income),LAC,2018,572668977.0
Laos,LAO,2018,7128045.0
Lebanon,LBN,2018,5984119.0
Liberia,LBR,2018,4944726.0
Libya,LBY,2018,6849055.0
St. Lucia,LCA,2018,177017.0
Latin America & Caribbean,LCN,2018,635680745.0
Least developed countries: UN classification,LDC,2018,1033110314.0
Low income,LIC,2018,642186195.0
Liechtenstein,LIE,2018,38246.0
Sri Lanka,LKA,2018,21670000.0
Lower middle income,LMC,2018,2886705487.5
Low & middle income,LMY,2018,6287535114.5
Lesotho,LSO,2018,2183603.0
Late-demographic dividend,LTE,2018,2298520431.5
Lithuania,LTU,2018,2801543.0
Luxembourg,LUX,2018,607950.0
Latvia,LVA,2018,1927174.0
Macau SAR,MAC,2018,658900.0
St. Martin (French part),MAF,2018,36012.0
Morocco,MAR,2018,35839760.0
Monaco,MCO,2018,38154.0
Moldova,MDA,2018,2707203.0
Madagascar,MDG,2018,27494926.0
Maldives,MDV,2018,473099.0
Middle East & North Africa,MEA,2018,466691130.0
Mexico,MEX,2018,124573711.0
Marshall Islands,MHL,2018,45285.0
Middle income,MIC,2018,5645348919.5
North Macedonia,MKD,2018,1889051.0
Mali,MLI,2018,20442030.0
Malta,MLT,2018,484630.0
Myanmar,MMR,2018,52272247.0
Middle East & North Africa (excluding high income),MNA,2018,404775501.0
Montenegro,MNE,2018,622227.0
Mongolia,MNG,2018,3208189.0
Northern Mariana Islands,MNP,2018,49077.0
Mozambique,MOZ,2018,29018644.0
Mauritania,MRT,2018,4337685.0
Mauritius,MUS,2018,1265577.0
Malawi,MWI,2018,18528081.0
Malaysia,MYS,2018,32910967.0
North America,NAC,2018,363974650.0
Namibia,NAM,2018,2577327.0
New Caledonia,NCL,2018,283541.0
Niger,NER,2018,22188069.0
Nigeria,NGA,2018,204938755.0
Nicaragua,NIC,2018,6400080.0
Netherlands,NLD,2018,17231624.0
Norway,NOR,2018,5311916.0
Nepal,NPL,2018,28079689.0
Nauru,NRU,2018,11477.0
New Zealand,NZL,2018,4900600.0
OECD members,OED,2018,1355260023.0
Oman,OMN,2018,4597877.0
Other small states,OSS,2018,13634874.0
Pakistan,PAK,2018,226928892.0
Panama,PAN,2018,4167860.0
Peru,PER,2018,31897584.0
Philippines,PHL,2018,109465287.0
Palau,PLW,2018,17814.0
Papua New Guinea,PNG,2018,9394513.0
Poland,POL,2018,37974750.0
Pre-demographic dividend,PRE,2018,946317177.0
Puerto Rico,PRI,2018,3193354.0
"Korea, Dem. People's Rep.",PRK,2018,25931147.0
Portugal,PRT,2018,10283822.0
Paraguay,PRY,2018,6427382.0
West Bank and Gaza,PSE,2018,4569087.0
Pacific island small states,PSS,2018,2542009.0
Post-demographic dividend,PST,2018,1110512190.0
French Polynesia,PYF,2018,279815.0
Qatar,QAT,2018,2580734.0
Romania,ROU,2018,19473970.0
Russia,RUS,2018,145398106.0
Rwanda,RWA,2018,12487996.0
South Asia,SAS,2018,1852836645.0
Saudi Arabia,SAU,2018,30196281.0
Sudan,SDN,2018,44230596.0
Senegal,SEN,2018,15914498.0
Singapore,SGP,2018,5638676.0
Solomon Islands,SLB,2018,709101.0
Sierra Leone,SLE,2018,7554563.0
El Salvador,SLV,2018,6219807.0
San Marino,SMR,2018,34522.0
Somalia,SOM,2018,15452487.0
Serbia,SRB,2018,6982604.0
Sub-Saharan Africa (excluding high income),SSA,2018,1109900238.0
South Sudan,SSD,2018,10122977.0
Sub-Saharan Africa,SSF,2018,1109997000.0
Small states,SST,2018,19225348.0
Sao Tome and Principe,STP,2018,210187.0
Suriname,SUR,2018,599513.0
Slovakia,SVK,2018,5446771.0
Slovenia,SVN,2018,2073894.0
Sweden,SWE,2018,10175214.0
Eswatini,SWZ,2018,1168929.0
Sint Maarten (Dutch part),SXM,2018,39712.0
Seychelles,SYC,2018,96762.0
Syria,SYR,2018,19577845.0
Turks and Caicos Islands,TCA,2018,41559.0
Chad,TCD,2018,16156531.0
East Asia & Pacific (IDA & IBRD countries),TEA,2018,2074796982.0
Europe & Central Asia (IDA & IBRD countries),TEC,2018,460515553.5
Togo,TGO,2018,8258778.0
Thailand,THA,2018,71376079.0
Tajikistan,TJK,2018,9307333.0
Turkmenistan,TKM,2018,6655524.0
Latin America & the Caribbean (IDA & IBRD countries),TLA,2018,620274430.0
Timor-Leste,TLS,2018,1275959.0
Middle East & North Africa (IDA & IBRD countries),TMN,2018,400206414.0
Tonga,TON,2018,105567.0
South Asia (IDA & IBRD),TSA,2018,1852836645.0
Sub-Saharan Africa (IDA & IBRD countries),TSS,2018,1109997000.0
Trinidad and Tobago,TTO,2018,1359193.0
Tunisia,TUN,2018,11765514.0
Turkiye,TUR,2018,81407204.0
Tuvalu,TUV,2018,10751.0
Tanzania,TZA,2018,57437145.0
Uganda,UGA,2018,41565831.0
Ukraine,UKR,2018,45208907.0
Upper middle income,UMC,2018,2758643432.0
Uruguay,URY,2018,3394534.0
United States,USA,2018,326838199.0
Uzbekistan,UZB,2018,32373490.0
St. Vincent and the Grenadines,VCT,2018,104926.0
Venezuela,VEN,2018,29807592.0
British Virgin Islands,VGB,2018,34657.0
Virgin Islands (U.S.),VIR,2018,107001.0
Viet Nam,VNM,2018,96237319.0
Vanuatu,VUT,2018,285259.0
World,WLD,2018,7696494847.5
Samoa,WSM,2018,207582.0
Kosovo,XKX,2018,1797086.0
Yemen,YEM,2018,34085182.0
South Africa,ZAF,2018,58613001.0
Zambia,ZMB,2018,17973569.0
Zimbabwe,ZWE,2018,15034452.0
Aruba,ABW,2019,109203.0
Africa Eastern and Southern,AFE,2019,675950189.0
Afghanistan,AFG,2019,37856121.0
Africa Western and Central,AFW,2019,463365429.0
Angola,AGO,2019,32375632.0
Albania,ALB,2019,2854191.0
Andorra,AND,2019,76474.0
Arab World,ARB,2019,444281315.0
United Arab Emirates,ARE,2019,9445785.0
Argentina,ARG,2019,44973465.0
Armenia,ARM,2019,2962500.0
American Samoa,ASM,2019,50209.0
Antigua and Barbuda,ATG,2019,91364.0
Australia,AUS,2019,25334826.0
Austria,AUT,2019,8879920.0
Azerbaijan,AZE,2019,10024283.0
Burundi,BDI,2019,12255336.0
Belgium,BEL,2019,11488980.0
Benin,BEN,2019,12726755.0
Burkina Faso,BFA,2019,20961952.0
Bangladesh,BGD,2019,164913055.0
Bulgaria,BGR,2019,6975761.0
Bahrain,BHR,2019,1483756.0
Bahamas,BHS,2019,394675.0
Bosnia and Herzegovina,BIH,2019,3345533.0
Belarus,BLR,2019,9419758.0
Belize,BLZ,2019,385829.0
Bermuda,BMU,2019,64107.0
Bolivia,BOL,2019,11671386.0
Brazil,BRA,2019,207455459.0
Barbados,BRB,2019,281207.0
Brunei,BRN,2019,442680.0
Bhutan,BTN,2019,764824.0
Botswana,BWA,2019,2332083.0
Central African Republic,CAF,2019,4944703.0
Canada,CAN,2019,37618495.0
Central Europe and the Baltics,CEB,2019,102282674.0
Switzerland,CHE,2019,8575280.0
Channel Islands,CHI,2019,165639.0
Chile,CHL,2019,19197744.0
China,CHN,2019,1407745000.0
Cote d'Ivoire,CIV,2019,28193009.0
Cameroon,CMR,2019,25506095.0
"Congo, Dem. Rep.",COD,2019,92947442.0
"Congo, Rep.",COG,2019,5616661.0
Colombia,COL,2019,49907985.0
Comoros,COM,2019,786578.0
Cabo Verde,CPV,2019,514104.0
Costa Rica,CRI,2019,4999553.0
Caribbean small states,CSS,2019,3079149.0
Cuba,CUB,2019,11202846.0
Curacao,CUW,2019,157441.0
Cayman Islands,CYM,2019,67327.0
Cyprus,CYP,2019,1286671.0
Czech Republic,CZE,2019,10671870.0
Germany,DEU,2019,83092962.0
Djibouti,DJI,2019,1088709.0
Dominica,DMA,2019,67880.0
Denmark,DNK,2019,5814422.0
Dominican Republic,DOM,2019,10894043.0
Algeria,DZA,2019,43294546.0
East Asia & Pacific (excluding high income),EAP,2019,2112289891.0
Early-demographic dividend,EAR,2019,3355014793.0
East Asia & Pacific,EAS,2019,2359771090.0
Europe & Central Asia (excluding high income),ECA,2019,248858341.0
Europe & Central Asia,ECS,2019,922811778.0
Ecuador,ECU,2019,17340021.0
Egypt,EGY,2019,107553158.0
Euro area,EMU,2019,346454019.0
Eritrea,ERI,2019,3240194.0
Spain,ESP,2019,47134837.0
Estonia,EST,2019,1326898.0
Ethiopia,ETH,2019,115737383.0
European Union,EUU,2019,447303223.0
Fragile and conflict affected situations,FCS,2019,974824119.0
Finland,FIN,2019,5521606.0
Fiji,FJI,2019,914899.0
France,FRA,2019,67382061.0
Faroe Islands,FRO,2019,51795.0
"Micronesia, Fed. Sts.",FSM,2019,110282.0
Gabon,GAB,2019,2267706.0
United Kingdom,GBR,2019,66836327.0
Georgia,GEO,2019,3720161.0
Ghana,GHA,2019,31258945.0
Gibraltar,GIB,2019,35494.0
Guinea,GIN,2019,13034346.0
Gambia,GMB,2019,2456844.0
Guinea-Bissau,GNB,2019,1967696.0
Equatorial Guinea,GNQ,2019,1670177.0
Greece,GRC,2019,10721582.0
Grenada,GRD,2019,115981.0
Greenland,GRL,2019,56225.0
Guatemala,GTM,2019,17103803.0
Guam,GUM,2019,161808.0
Guyana,GUY,2019,807665.0
High income,HIC,2019,1383372477.0
Hong Kong SAR,HKG,2019,7507900.0
Honduras,HND,2019,9943633.0
Heavily indebted poor countries (HIPC),HPC,2019,824649053.0
Croatia,HRV,2019,3949390.0
Haiti,HTI,2019,11105163.0
Hungary,HUN,2019,9771141.0
IBRD only,IBD,2019,4845715724.0
IDA & IBRD total,IBT,2019,6594857152.0
IDA total,IDA,2019,1749141428.0
IDA blend,IDB,2019,585824310.0
Indonesia,IDN,2019,272489381.0
IDA only,IDX,2019,1163317118.0
Isle of Man,IMN,2019,83957.0
India,IND,2019,1389030312.0
Ireland,IRL,2019,4934340.0
Iran,IRN,2019,87051648.0
Iraq,IRQ,2019,41192171.0
Iceland,ISL,2019,360563.0
Israel,ISR,2019,9054000.0
Italy,ITA,2019,59729081.0
Jamaica,JAM,2019,2823271.0
Jordan,JOR,2019,10671891.0
Japan,JPN,2019,126633000.0
Kazakhstan,KAZ,2019,19209555.0
Kenya,KEN,2019,51202827.0
Kyrgyz Republic,KGZ,2019,6590211.0
Cambodia,KHM,2019,16481304.0
Kiribati,KIR,2019,123921.0
St. Kitts and Nevis,KNA,2019,46952.0
South Korea,KOR,2019,51764822.0
Kuwait,KWT,2019,4442316.0
Latin America & Caribbean (excluding high income),LAC,2019,578311232.0
Laos,LAO,2019,7237636.0
Lebanon,LBN,2019,5794594.0
Liberia,LBR,2019,5043721.0
Libya,LBY,2019,6951033.0
St. Lucia,LCA,2019,177661.0
Latin America & Caribbean,LCN,2019,640853375.0
Least developed countries: UN classification,LDC,2019,1058013514.0
Low income,LIC,2019,660718366.0
Liechtenstein,LIE,2019,38563.0
Sri Lanka,LKA,2019,21803000.0
Lower middle income,LMC,2019,2926690682.0
Low & middle income,LMY,2019,6364581440.0
Lesotho,LSO,2019,2209405.0
Late-demographic dividend,LTE,2019,2309008599.0
Lithuania,LTU,2019,2794137.0
Luxembourg,LUX,2019,620001.0
Latvia,LVA,2019,1913822.0
Macau SAR,MAC,2019,672000.0
St. Martin (French part),MAF,2019,34267.0
Morocco,MAR,2019,36210898.0
Monaco,MCO,2019,38109.0
Moldova,MDA,2019,2664224.0
Madagascar,MDG,2019,28219554.0
Maldives,MDV,2019,487731.0
Middle East & North Africa,MEA,2019,474057593.0
Mexico,MEX,2019,125762982.0
Marshall Islands,MHL,2019,44007.0
Middle income,MIC,2019,5703863074.0
North Macedonia,MKD,2019,1876262.0
Mali,MLI,2019,21068405.0
Malta,MLT,2019,504062.0
Myanmar,MMR,2019,52640713.0
Middle East & North Africa (excluding high income),MNA,2019,411833977.0
Montenegro,MNE,2019,622028.0
Mongolia,MNG,2019,3267673.0
Northern Mariana Islands,MNP,2019,48129.0
Mozambique,MOZ,2019,29884380.0
Mauritania,MRT,2019,4467708.0
Mauritius,MUS,2019,1265985.0
Malawi,MWI,2019,19025752.0
Malaysia,MYS,2019,33440596.0
North America,NAC,2019,366012555.0
Namibia,NAM,2019,2650494.0
New Caledonia,NCL,2019,283606.0
Niger,NER,2019,22947757.0
Nigeria,NGA,2019,209485641.0
Nicaragua,NIC,2019,6483657.0
Netherlands,NLD,2019,17344874.0
Norway,NOR,2019,5347896.0
Nepal,NPL,2019,28414064.0
Nauru,NRU,2019,11587.0
New Zealand,NZL,2019,4979200.0
OECD members,OED,2019,1362497757.0
Oman,OMN,2019,4591241.0
Other small states,OSS,2019,13761088.0
Pakistan,PAK,2019,230800899.0
Panama,PAN,2019,4234700.0
Peru,PER,2019,32449303.0
Philippines,PHL,2019,110804683.0
Palau,PLW,2019,17798.0
Papua New Guinea,PNG,2019,9609010.0
Poland,POL,2019,37965475.0
Pre-demographic dividend,PRE,2019,972302503.0
Puerto Rico,PRI,2019,3193694.0
"Korea, Dem. People's Rep.",PRK,2019,26037632.0
Portugal,PRT,2019,10286263.0
Paraguay,PRY,2019,6515058.0
West Bank and Gaza,PSE,2019,4685306.0
Pacific island small states,PSS,2019,2568656.0
Post-demographic dividend,PST,2019,1113651656.0
French Polynesia,PYF,2019,279034.0
Qatar,QAT,2019,2638657.0
Romania,ROU,2019,19371648.0
Russia,RUS,2019,145453291.0
Rwanda,RWA,2019,12776103.0
South Asia,SAS,2019,1874070006.0
Saudi Arabia,SAU,2019,30063799.0
Sudan,SDN,2019,45548175.0
Senegal,SEN,2019,16352922.0
Singapore,SGP,2019,5703569.0
Solomon Islands,SLB,2019,728147.0
Sierra Leone,SLE,2019,7731991.0
El Salvador,SLV,2019,6222318.0
San Marino,SMR,2019,34663.0
Somalia,SOM,2019,16030971.0
Serbia,SRB,2019,6945235.0
Sub-Saharan Africa (excluding high income),SSA,2019,1139217993.0
South Sudan,SSD,2019,10423384.0
Sub-Saharan Africa,SSF,2019,1139315618.0
Small states,SST,2019,19408893.0
Sao Tome and Principe,STP,2019,213392.0
Suriname,SUR,2019,605768.0
Slovakia,SVK,2019,5454147.0
Slovenia,SVN,2019,2088385.0
Sweden,SWE,2019,10278887.0
Eswatini,SWZ,2019,1179874.0
Sint Maarten (Dutch part),SXM,2019,40385.0
Seychelles,SYC,2019,97625.0
Syria,SYR,2019,20353534.0
Turks and Caicos Islands,TCA,2019,43166.0
Chad,TCD,2019,16685223.0
East Asia & Pacific (IDA & IBRD countries),TEA,2019,2086281644.0
Europe & Central Asia (IDA & IBRD countries),TEC,2019,462573906.0
Togo,TGO,2019,8463068.0
Thailand,THA,2019,71522271.0
Tajikistan,TJK,2019,9529966.0
Turkmenistan,TKM,2019,6803944.0
Latin America & the Caribbean (IDA & IBRD countries),TLA,2019,625467307.0
Timor-Leste,TLS,2019,1300945.0
Middle East & North Africa (IDA & IBRD countries),TMN,2019,407148671.0
Tonga,TON,2019,105669.0
South Asia (IDA & IBRD),TSA,2019,1874070006.0
Sub-Saharan Africa (IDA & IBRD countries),TSS,2019,1139315618.0
Trinidad and Tobago,TTO,2019,1363985.0
Tunisia,TUN,2019,11875081.0
Turkiye,TUR,2019,82579440.0
Tuvalu,TUV,2019,10581.0
Tanzania,TZA,2019,59174891.0
Uganda,UGA,2019,42999637.0
Ukraine,UKR,2019,44957458.0
Upper middle income,UMC,2019,2777172392.0
Uruguay,URY,2019,3397206.0
United States,USA,2019,328329953.0
Uzbekistan,UZB,2019,32964701.0
St. Vincent and the Grenadines,VCT,2019,104167.0
Venezuela,VEN,2019,28938098.0
British Virgin Islands,VGB,2019,36395.0
Virgin Islands (U.S.),VIR,2019,106669.0
Viet Nam,VNM,2019,97173776.0
Vanuatu,VUT,2019,291985.0
World,WLD,2019,7776892015.0
Samoa,WSM,2019,209780.0
Kosovo,XKX,2019,1788891.0
Yemen,YEM,2019,35111408.0
South Africa,ZAF,2019,59587885.0
Zambia,ZMB,2019,18513839.0
Zimbabwe,ZWE,2019,15271368.0
Aruba,ABW,2020,108587.0
Africa Eastern and Southern,AFE,2020,694446100.0
Afghanistan,AFG,2020,39068979.0
Africa Western and Central,AFW,2020,474569351.0
Angola,AGO,2020,33451132.0
Albania,ALB,2020,2837849.0
Andorra,AND,2020,77380.0
Arab World,ARB,2020,453723239.0
United Arab Emirates,ARE,2020,9401038.0
Argentina,ARG,2020,45191965.0
Armenia,ARM,2020,2961500.0
American Samoa,ASM,2020,49761.0
Antigua and Barbuda,ATG,2020,91846.0
Australia,AUS,2020,25649248.0
Austria,AUT,2020,8916864.0
Azerbaijan,AZE,2020,10093121.0
Burundi,BDI,2020,12617036.0
Belgium,BEL,2020,11538604.0
Benin,BEN,2020,13070169.0
Burkina Faso,BFA,2020,21478690.0
Bangladesh,BGD,2020,166298024.0
Bulgaria,BGR,2020,6934015.0
Bahrain,BHR,2020,1472204.0
Bahamas,BHS,2020,395863.0
Bosnia and Herzegovina,BIH,2020,3299349.0
Belarus,BLR,2020,9379952.0
Belize,BLZ,2020,390812.0
Bermuda,BMU,2020,64382.0
Bolivia,BOL,2020,11816299.0
Brazil,BRA,2020,208660842.0
Barbados,BRB,2020,281698.0
Brunei,BRN,2020,447404.0
Bhutan,BTN,2020,770006.0
Botswana,BWA,2020,2365894.0
Central African Republic,CAF,2020,5026628.0
Canada,CAN,2020,38028638.0
Central Europe and the Baltics,CEB,2020,102046650.0
Switzerland,CHE,2020,8638167.0
Channel Islands,CHI,2020,166235.0
Chile,CHL,2020,19370624.0
China,CHN,2020,1411100000.0
Cote d'Ivoire,CIV,2020,28915449.0
Cameroon,CMR,2020,26210558.0
"Congo, Dem. Rep.",COD,2020,95989998.0
"Congo, Rep.",COG,2020,5752791.0
Colombia,COL,2020,50629997.0
Comoros,COM,2020,802163.0
Cabo Verde,CPV,2020,514679.0
Costa Rica,CRI,2020,5034320.0
Caribbean small states,CSS,2020,3092577.0
Cuba,CUB,2020,11176354.0
Curacao,CUW,2020,154947.0
Cayman Islands,CYM,2020,68684.0
Cyprus,CYP,2020,1302247.0
Czech Republic,CZE,2020,10697858.0
Germany,DEU,2020,83160871.0
Djibouti,DJI,2020,1105188.0
Dominica,DMA,2020,67573.0
Denmark,DNK,2020,5831404.0
Dominican Republic,DOM,2020,11008300.0
Algeria,DZA,2020,44042091.0
East Asia & Pacific (excluding high income),EAP,2020,2121866294.0
Early-demographic dividend,EAR,2020,3396051187.0
East Asia & Pacific,EAS,2020,2369438682.0
Europe & Central Asia (excluding high income),ECA,2020,250655325.5
Europe & Central Asia,ECS,2020,925088545.5
Ecuador,ECU,2020,17546065.0
Egypt,EGY,2020,109315124.0
Euro area,EMU,2020,346922366.0
Eritrea,ERI,2020,3291271.0
Spain,ESP,2020,47365655.0
Estonia,EST,2020,1329522.0
Ethiopia,ETH,2020,118917671.0
European Union,EUU,2020,447653554.0
Fragile and conflict affected situations,FCS,2020,996691242.0
Finland,FIN,2020,5529543.0
Fiji,FJI,2020,914963.0
France,FRA,2020,67601110.0
Faroe Islands,FRO,2020,52571.0
"Micronesia, Fed. Sts.",FSM,2020,110916.0
Gabon,GAB,2020,2322539.0
United Kingdom,GBR,2020,67081234.0
Georgia,GEO,2020,3722716.0
Ghana,GHA,2020,31887809.0
Gibraltar,GIB,2020,36173.0
Guinea,GIN,2020,13371183.0
Gambia,GMB,2020,2515733.0
Guinea-Bissau,GNB,2020,2013255.0
Equatorial Guinea,GNQ,2020,1716468.0
Greece,GRC,2020,10698599.0
Grenada,GRD,2020,116341.0
Greenland,GRL,2020,56367.0
Guatemala,GTM,2020,17357325.0
Guam,GUM,2020,162158.0
Guyana,GUY,2020,807481.0
High income,HIC,2020,1389524835.0
Hong Kong SAR,HKG,2020,7481000.0
Honduras,HND,2020,10119640.0
Heavily indebted poor countries (HIPC),HPC,2020,847743308.0
Croatia,HRV,2020,3914206.0
Haiti,HTI,2020,11243848.0
Hungary,HUN,2020,9750149.0
IBRD only,IBD,2020,4879367453.0
IDA & IBRD total,IBT,2020,6667541078.5
IDA total,IDA,2020,1788173625.5
IDA blend,IDB,2020,597524859.0
Indonesia,IDN,2020,274814866.0
IDA only,IDX,2020,1190648766.5
Isle of Man,IMN,2020,84064.0
India,IND,2020,1402617695.0
Ireland,IRL,2020,4985382.0
Iran,IRN,2020,87723443.0
Iraq,IRQ,2020,42116605.0
Iceland,ISL,2020,366463.0
Israel,ISR,2020,9215100.0
Italy,ITA,2020,59438851.0
Jamaica,JAM,2020,2830739.0
Jordan,JOR,2020,10865228.0
Japan,JPN,2020,126261000.0
Kazakhstan,KAZ,2020,19482117.0
Kenya,KEN,2020,52217334.0
Kyrgyz Republic,KGZ,2020,6726595.5
Cambodia,KHM,2020,16725474.0
Kiribati,KIR,2020,126099.0
St. Kitts and Nevis,KNA,2020,46870.0
South Korea,KOR,2020,51836239.0
Kuwait,KWT,2020,4400267.0
Latin America & Caribbean (excluding high income),LAC,2020,583125825.0
Laos,LAO,2020,7346533.0
Lebanon,LBN,2020,5702398.0
Liberia,LBR,2020,5149463.0
Libya,LBY,2020,7045399.0
St. Lucia,LCA,2020,178250.0
Latin America & Caribbean,LCN,2020,645497618.0
Least developed countries: UN classification,LDC,2020,1083636132.0
Low income,LIC,2020,679560744.0
Liechtenstein,LIE,2020,38901.0
Sri Lanka,LKA,2020,21919000.0
Lower middle income,LMC,2020,2966396716.5
Low & middle income,LMY,2020,6438169877.5
Lesotho,LSO,2020,2235727.0
Late-demographic dividend,LTE,2020,2316785459.5
Lithuania,LTU,2020,2794885.0
Luxembourg,LUX,2020,630419.0
Latvia,LVA,2020,1900449.0
Macau SAR,MAC,2020,685400.0
St. Martin (French part),MAF,2020,31786.0
Morocco,MAR,2020,36584208.0
Monaco,MCO,2020,38050.0
Moldova,MDA,2020,2635130.0
Madagascar,MDG,2020,28953556.0
Maldives,MDV,2020,502118.0
Middle East & North Africa,MEA,2020,482334398.0
Mexico,MEX,2020,126799054.0
Marshall Islands,MHL,2020,42706.0
Middle income,MIC,2020,5758609133.5
North Macedonia,MKD,2020,1856124.0
Mali,MLI,2020,21713836.0
Malta,MLT,2020,515332.0
Myanmar,MMR,2020,53016522.0
Middle East & North Africa (excluding high income),MNA,2020,418461302.0
Montenegro,MNE,2020,621306.0
Mongolia,MNG,2020,3327204.0
Northern Mariana Islands,MNP,2020,47528.0
Mozambique,MOZ,2020,30783688.0
Mauritania,MRT,2020,4600131.0
Mauritius,MUS,2020,1266014.0
Malawi,MWI,2020,19533888.0
Malaysia,MYS,2020,33889558.0
North America,NAC,2020,369619953.0
Namibia,NAM,2020,2728762.0
New Caledonia,NCL,2020,284176.0
Niger,NER,2020,23717613.0
Nigeria,NGA,2020,213996181.0
Nicaragua,NIC,2020,6565267.0
Netherlands,NLD,2020,17441500.0
Norway,NOR,2020,5379475.0
Nepal,NPL,2020,28966574.0
Nauru,NRU,2020,11643.0
New Zealand,NZL,2020,5090200.0
OECD members,OED,2020,1370013876.0
Oman,OMN,2020,4522497.0
Other small states,OSS,2020,13884095.0
Pakistan,PAK,2020,235001746.0
Panama,PAN,2020,4293261.0
Peru,PER,2020,32838579.0
Philippines,PHL,2020,112081264.0
Palau,PLW,2020,17792.0
Papua New Guinea,PNG,2020,9815746.0
Poland,POL,2020,37899070.0
Pre-demographic dividend,PRE,2020,998624261.0
Puerto Rico,PRI,2020,3281557.0
"Korea, Dem. People's Rep.",PRK,2020,26136312.0
Portugal,PRT,2020,10297081.0
Paraguay,PRY,2020,6603739.0
West Bank and Gaza,PSE,2020,4803269.0
Pacific island small states,PSS,2020,2595522.0
Post-demographic dividend,PST,2020,1117765361.0
French Polynesia,PYF,2020,279209.0
Qatar,QAT,2020,2794148.0
Romania,ROU,2020,19265250.0
Russia,RUS,2020,145245148.0
Rwanda,RWA,2020,13065837.0
South Asia,SAS,2020,1895144142.0
Saudi Arabia,SAU,2020,31552510.0
Sudan,SDN,2020,46789231.0
Senegal,SEN,2020,16789219.0
Singapore,SGP,2020,5685807.0
Solomon Islands,SLB,2020,744498.0
Sierra Leone,SLE,2020,7912558.0
El Salvador,SLV,2020,6234673.0
San Marino,SMR,2020,34770.0
Somalia,SOM,2020,16651191.0
Serbia,SRB,2020,6899126.0
Sub-Saharan Africa (excluding high income),SSA,2020,1168916989.0
South Sudan,SSD,2020,10698467.0
Sub-Saharan Africa,SSF,2020,1169015451.0
Small states,SST,2020,19572194.0
Sao Tome and Principe,STP,2020,217435.0
Suriname,SUR,2020,612317.0
Slovakia,SVK,2020,5458827.0
Slovenia,SVN,2020,2102419.0
Sweden,SWE,2020,10353442.0
Eswatini,SWZ,2020,1192729.0
Sint Maarten (Dutch part),SXM,2020,41008.0
Seychelles,SYC,2020,98462.0
Syria,SYR,2020,21049429.0
Turks and Caicos Islands,TCA,2020,44386.0
Chad,TCD,2020,17224679.0
East Asia & Pacific (IDA & IBRD countries),TEA,2020,2095759417.0
Europe & Central Asia (IDA & IBRD countries),TEC,2020,463913014.5
Togo,TGO,2020,8669720.0
Thailand,THA,2020,71641484.0
Tajikistan,TJK,2020,9749310.0
Turkmenistan,TKM,2020,6949912.0
Latin America & the Caribbean (IDA & IBRD countries),TLA,2020,630051021.0
Timor-Leste,TLS,2020,1326053.0
Middle East & North Africa (IDA & IBRD countries),TMN,2020,413658033.0
Tonga,TON,2020,105704.0
South Asia (IDA & IBRD),TSA,2020,1895144142.0
Sub-Saharan Africa (IDA & IBRD countries),TSS,2020,1169015451.0
Trinidad and Tobago,TTO,2020,1366725.0
Tunisia,TUN,2020,11974057.0
Turkiye,TUR,2020,83384680.0
Tuvalu,TUV,2020,10399.0
Tanzania,TZA,2020,60972798.0
Uganda,UGA,2020,44457152.0
Ukraine,UKR,2020,44680014.0
Upper middle income,UMC,2020,2792212417.0
Uruguay,URY,2020,3398968.0
United States,USA,2020,331526933.0
Uzbekistan,UZB,2020,33586372.0
St. Vincent and the Grenadines,VCT,2020,103526.0
Venezuela,VEN,2020,28444077.0
British Virgin Islands,VGB,2020,37135.0
Virgin Islands (U.S.),VIR,2020,106290.0
Viet Nam,VNM,2020,98079191.0
Vanuatu,VUT,2020,298858.0
World,WLD,2020,7856138789.5
Samoa,WSM,2020,211944.0
Kosovo,XKX,2020,1790152.0
Yemen,YEM,2020,36134863.0
South Africa,ZAF,2020,60562381.0
Zambia,ZMB,2020,19059395.0
Zimbabwe,ZWE,2020,15526888.0
Aruba,ABW,2021,107700.0
Africa Eastern and Southern,AFE,2021,713090928.0
Afghanistan,AFG,2021,40000412.0
Africa Western and Central,AFW,2021,485920997.0
Angola,AGO,2021,34532429.0
Albania,ALB,2021,2811666.0
Andorra,AND,2021,78364.0
Arab World,ARB,2021,460646603.0
United Arab Emirates,ARE,2021,9575152.0
Argentina,ARG,2021,45312281.0
Armenia,ARM,2021,2962300.0
American Samoa,ASM,2021,49225.0
Antigua and Barbuda,ATG,2021,92349.0
Australia,AUS,2021,25685412.0
Austria,AUT,2021,8955797.0
Azerbaijan,AZE,2021,10137750.0
Burundi,BDI,2021,12965481.0
Belgium,BEL,2021,11586195.0
Benin,BEN,2021,13413417.0
Burkina Faso,BFA,2021,21995243.0
Bangladesh,BGD,2021,167658854.0
Bulgaria,BGR,2021,6877743.0
Bahrain,BHR,2021,1504365.0
Bahamas,BHS,2021,396373.0
Bosnia and Herzegovina,BIH,2021,3244907.0
Belarus,BLR,2021,9302585.0
Belize,BLZ,2021,395346.0
Bermuda,BMU,2021,64648.0
Bolivia,BOL,2021,11937360.0
Brazil,BRA,2021,209550294.0
Barbados,BRB,2021,282147.0
Brunei,BRN,2021,451721.0
Bhutan,BTN,2021,775442.0
Botswana,BWA,2021,2401441.0
Central African Republic,CAF,2021,5112100.0
Canada,CAN,2021,38239864.0
Central Europe and the Baltics,CEB,2021,100647592.0
Switzerland,CHE,2021,8704546.0
Channel Islands,CHI,2021,166741.0
Chile,CHL,2021,19456334.0
China,CHN,2021,1412360000.0
Cote d'Ivoire,CIV,2021,29639736.0
Cameroon,CMR,2021,26915758.0
"Congo, Dem. Rep.",COD,2021,99148932.0
"Congo, Rep.",COG,2021,5892183.0
Colombia,COL,2021,51188173.0
Comoros,COM,2021,818174.0
Cabo Verde,CPV,2021,516649.0
Costa Rica,CRI,2021,5059988.0
Caribbean small states,CSS,2021,3111609.0
Cuba,CUB,2021,11122168.0
Curacao,CUW,2021,152369.0
Cayman Islands,CYM,2021,70108.0
Cyprus,CYP,2021,1317309.0
Czech Republic,CZE,2021,10505772.0
Germany,DEU,2021,83196078.0
Djibouti,DJI,2021,1121248.0
Dominica,DMA,2021,67202.0
Denmark,DNK,2021,5856733.0
Dominican Republic,DOM,2021,11123476.0
Algeria,DZA,2021,44761099.0
East Asia & Pacific (excluding high income),EAP,2021,2128553744.0
Early-demographic dividend,EAR,2021,3432026092.0
East Asia & Pacific,EAS,2021,2375144416.0
Europe & Central Asia (excluding high income),ECA,2021,252183790.0
Europe & Central Asia,ECS,2021,925075848.0
Ecuador,ECU,2021,17682454.0
Egypt,EGY,2021,110957008.0
Euro area,EMU,2021,347094588.0
Eritrea,ERI,2021,3350183.0
Spain,ESP,2021,47415794.0
Estonia,EST,2021,1330932.0
Ethiopia,ETH,2021,122138588.0
European Union,EUU,2021,446564156.0
Fragile and conflict affected situations,FCS,2021,1018693078.0
Finland,FIN,2021,5541017.0
Fiji,FJI,2021,916711.0
France,FRA,2021,67842811.0
Faroe Islands,FRO,2021,53315.0
"Micronesia, Fed. Sts.",FSM,2021,111624.0
Gabon,GAB,2021,2376722.0
United Kingdom,GBR,2021,67026292.0
Georgia,GEO,2021,3708610.0
Ghana,GHA,2021,32518665.0
Gibraltar,GIB,2021,36858.0
Guinea,GIN,2021,13710513.0
Gambia,GMB,2021,2576010.0
Guinea-Bissau,GNB,2021,2058841.0
Equatorial Guinea,GNQ,2021,1758786.0
Greece,GRC,2021,10569207.0
Grenada,GRD,2021,116688.0
Greenland,GRL,2021,56653.0
Guatemala,GTM,2021,17598650.0
Guam,GUM,2021,163730.0
Guyana,GUY,2021,815482.0
High income,HIC,2021,1387107942.0
Hong Kong SAR,HKG,2021,7413100.0
Honduras,HND,2021,10289877.0
Heavily indebted poor countries (HIPC),HPC,2021,870930036.0
Croatia,HRV,2021,3878981.0
Haiti,HTI,2021,11374586.0
Hungary,HUN,2021,9709891.0
IBRD only,IBD,2021,4905899020.0
IDA & IBRD total,IBT,2021,6733337540.0
IDA total,IDA,2021,1827438520.0
IDA blend,IDB,2021,609556583.0
Indonesia,IDN,2021,276758053.0
IDA only,IDX,2021,1217881937.0
Isle of Man,IMN,2021,84106.0
India,IND,2021,1414203896.0
Ireland,IRL,2021,5033164.0
Iran,IRN,2021,88455488.0
Iraq,IRQ,2021,43071211.0
Iceland,ISL,2021,372520.0
Israel,ISR,2021,9371400.0
Italy,ITA,2021,59133173.0
Jamaica,JAM,2021,2837682.0
Jordan,JOR,2021,11066356.0
Japan,JPN,2021,125681593.0
Kazakhstan,KAZ,2021,19743603.0
Kenya,KEN,2021,53219166.0
Kyrgyz Republic,KGZ,2021,6851224.0
Cambodia,KHM,2021,16974305.0
Kiribati,KIR,2021,128377.0
St. Kitts and Nevis,KNA,2021,46763.0
South Korea,KOR,2021,51769539.0
Kuwait,KWT,2021,4360865.0
Latin America & Caribbean (excluding high income),LAC,2021,586944219.0
Laos,LAO,2021,7453194.0
Lebanon,LBN,2021,5718122.0
Liberia,LBR,2021,5259323.0
Libya,LBY,2021,7135175.0
St. Lucia,LCA,2021,178522.0
Latin America & Caribbean,LCN,2021,649234475.0
Least developed countries: UN classification,LDC,2021,1109175268.0
Low income,LIC,2021,698215206.0
Liechtenstein,LIE,2021,39182.0
Sri Lanka,LKA,2021,22156000.0
Lower middle income,LMC,2021,3004162907.0
Low & middle income,LMY,2021,6505838578.0
Lesotho,LSO,2021,2261542.0
Late-demographic dividend,LTE,2021,2320366261.0
Lithuania,LTU,2021,2800839.0
Luxembourg,LUX,2021,640064.0
Latvia,LVA,2021,1884490.0
Macau SAR,MAC,2021,682500.0
St. Martin (French part),MAF,2021,29961.0
Morocco,MAR,2021,36954442.0
Monaco,MCO,2021,38527.0
Moldova,MDA,2021,2595809.0
Madagascar,MDG,2021,29691083.0
Maldives,MDV,2021,516154.0
Middle East & North Africa,MEA,2021,488100624.0
Mexico,MEX,2021,127648148.0
Marshall Islands,MHL,2021,41367.0
Middle income,MIC,2021,5807623372.0
North Macedonia,MKD,2021,1837114.0
Mali,MLI,2021,22388630.0
Malta,MLT,2021,518536.0
Myanmar,MMR,2021,53387102.0
Middle East & North Africa (excluding high income),MNA,2021,424980589.0
Montenegro,MNE,2021,619211.0
Mongolia,MNG,2021,3383741.0
Northern Mariana Islands,MNP,2021,46979.0
Mozambique,MOZ,2021,31707800.0
Mauritania,MRT,2021,4734874.0
Mauritius,MUS,2021,1266334.0
Malawi,MWI,2021,20047258.0
Malaysia,MYS,2021,34282399.0
North America,NAC,2021,370353489.0
Namibia,NAM,2021,2810548.0
New Caledonia,NCL,2021,285214.0
Niger,NER,2021,24502140.0
Nigeria,NGA,2021,218529286.0
Nicaragua,NIC,2021,6644741.0
Netherlands,NLD,2021,17533044.0
Norway,NOR,2021,5408320.0
Nepal,NPL,2021,29475010.0
Nauru,NRU,2021,11709.0
New Zealand,NZL,2021,5111300.0
OECD members,OED,2021,1371769252.0
Oman,OMN,2021,4500424.0
Other small states,OSS,2021,14040798.0
Pakistan,PAK,2021,239477801.0
Panama,PAN,2021,4345405.0
Peru,PER,2021,33155882.0
Philippines,PHL,2021,113100950.0
Palau,PLW,2021,17783.0
Papua New Guinea,PNG,2021,10012896.0
Poland,POL,2021,36981559.0
Pre-demographic dividend,PRE,2021,1024960313.0
Puerto Rico,PRI,2021,3262693.0
"Korea, Dem. People's Rep.",PRK,2021,26232534.0
Portugal,PRT,2021,10361831.0
Paraguay,PRY,2021,6684182.0
West Bank and Gaza,PSE,2021,4922749.0
Pacific island small states,PSS,2021,2625493.0
Post-demographic dividend,PST,2021,1117015201.0
French Polynesia,PYF,2021,279792.0
Qatar,QAT,2021,2504910.0
Romania,ROU,2021,19122059.0
Russia,RUS,2021,144746762.0
Rwanda,RWA,2021,13355260.0
South Asia,SAS,2021,1914263569.0
Saudi Arabia,SAU,2021,30784383.0
Sudan,SDN,2021,48066924.0
Senegal,SEN,2021,17220867.0
Singapore,SGP,2021,5453566.0
Solomon Islands,SLB,2021,762591.0
Sierra Leone,SLE,2021,8094602.0
El Salvador,SLV,2021,6255782.0
San Marino,SMR,2021,34252.0
Somalia,SOM,2021,17271431.0
Serbia,SRB,2021,6834326.0
Sub-Saharan Africa (excluding high income),SSA,2021,1198912667.0
South Sudan,SSD,2021,10865780.0
Sub-Saharan Africa,SSF,2021,1199011925.0
Small states,SST,2021,19777900.0
Sao Tome and Principe,STP,2021,221961.0
Suriname,SUR,2021,617896.0
Slovakia,SVK,2021,5447247.0
Slovenia,SVN,2021,2108079.0
Sweden,SWE,2021,10415811.0
Eswatini,SWZ,2021,1206593.0
Sint Maarten (Dutch part),SXM,2021,41571.0
Seychelles,SYC,2021,99258.0
Syria,SYR,2021,21628839.0
Turks and Caicos Islands,TCA,2021,45243.0
Chad,TCD,2021,17828273.0
East Asia & Pacific (IDA & IBRD countries),TEA,2021,2102350702.0
Europe & Central Asia (IDA & IBRD countries),TEC,2021,463790894.0
Togo,TGO,2021,8878379.0
Thailand,THA,2021,71727332.0
Tajikistan,TJK,2021,9966908.0
Turkmenistan,TKM,2021,7092043.0
Latin America & the Caribbean (IDA & IBRD countries),TLA,2021,633862610.0
Timor-Leste,TLS,2021,1350139.0
Middle East & North Africa (IDA & IBRD countries),TMN,2021,420057840.0
Tonga,TON,2021,105490.0
South Asia (IDA & IBRD),TSA,2021,1914263569.0
Sub-Saharan Africa (IDA & IBRD countries),TSS,2021,1199011925.0
Trinidad and Tobago,TTO,2021,1367558.0
Tunisia,TUN,2021,12048622.0
Turkiye,TUR,2021,84147318.0
Tuvalu,TUV,2021,10194.0
Tanzania,TZA,2021,62830412.0
Uganda,UGA,2021,45910930.0
Ukraine,UKR,2021,44298640.0
Upper middle income,UMC,2021,2803460465.0
Uruguay,URY,2021,3396695.0
United States,USA,2021,332048977.0
Uzbekistan,UZB,2021,34243696.0
St. Vincent and the Grenadines,VCT,2021,102841.0
Venezuela,VEN,2021,28237826.0
British Virgin Islands,VGB,2021,37809.0
Virgin Islands (U.S.),VIR,2021,105870.0
Viet Nam,VNM,2021,98935098.0
Vanuatu,VUT,2021,305868.0
World,WLD,2021,7921184346.0
Samoa,WSM,2021,213779.0
Kosovo,XKX,2021,1786080.0
Yemen,YEM,2021,37140230.0
South Africa,ZAF,2021,61502603.0
Zambia,ZMB,2021,19603607.0
Zimbabwe,ZWE,2021,15797210.0
Aruba,ABW,2022,107310.0
Africa Eastern and Southern,AFE,2022,731821393.0
Afghanistan,AFG,2022,40578842.0
Africa Western and Central,AFW,2022,497387180.0
Angola,AGO,2022,35635029.0
Albania,ALB,2022,2777689.0
Andorra,AND,2022,79705.0
Arab World,ARB,2022,471352066.0
United Arab Emirates,ARE,2022,10074977.0
Argentina,ARG,2022,45407904.0
Armenia,ARM,2022,2969200.0
American Samoa,ASM,2022,48342.0
Antigua and Barbuda,ATG,2022,92840.0
Australia,AUS,2022,26014399.0
Austria,AUT,2022,9041851.0
Azerbaijan,AZE,2022,10141756.0
Burundi,BDI,2022,13321097.0
Belgium,BEL,2022,11680210.0
Benin,BEN,2022,13759501.0
Burkina Faso,BFA,2022,22509038.0
Bangladesh,BGD,2022,169384897.0
Bulgaria,BGR,2022,6643324.0
Bahrain,BHR,2022,1524693.0
Bahamas,BHS,2022,397538.0
Bosnia and Herzegovina,BIH,2022,3204802.0
Belarus,BLR,2022,9228071.0
Belize,BLZ,2022,402733.0
Bermuda,BMU,2022,64749.0
Bolivia,BOL,2022,12077154.0
Brazil,BRA,2022,210306415.0
Barbados,BRB,2022,282318.0
Brunei,BRN,2022,455370.0
Bhutan,BTN,2022,780914.0
Botswana,BWA,2022,2439892.0
Central African Republic,CAF,2022,5098039.0
Canada,CAN,2022,38939056.0
Central Europe and the Baltics,CEB,2022,100289401.0
Switzerland,CHE,2022,8777088.0
Channel Islands,CHI,2022,167215.0
Chile,CHL,2022,19553036.0
China,CHN,2022,1412175000.0
Cote d'Ivoire,CIV,2022,30395002.0
Cameroon,CMR,2022,27632771.0
"Congo, Dem. Rep.",COD,2022,102396968.0
"Congo, Rep.",COG,2022,6035104.0
Colombia,COL,2022,51737944.0
Comoros,COM,2022,834188.0
Cabo Verde,CPV,2022,519741.0
Costa Rica,CRI,2022,5081765.0
Caribbean small states,CSS,2022,3131505.0
Cuba,CUB,2022,11059820.0
Curacao,CUW,2022,149996.0
Cayman Islands,CYM,2022,71591.0
Cyprus,CYP,2022,1331370.0
Czech Republic,CZE,2022,10672118.0
Germany,DEU,2022,83797985.0
Djibouti,DJI,2022,1137096.0
Dominica,DMA,2022,66826.0
Denmark,DNK,2022,5903037.0
Dominican Republic,DOM,2022,11230734.0
Algeria,DZA,2022,45477389.0
East Asia & Pacific (excluding high income),EAP,2022,2133560408.0
Early-demographic dividend,EAR,2022,3470644834.0
East Asia & Pacific,EAS,2022,2379648296.0
Europe & Central Asia (excluding high income),ECA,2022,250834021.5
Europe & Central Asia,ECS,2022,925385334.5
Ecuador,ECU,2022,17823897.0
Egypt,EGY,2022,112618250.0
Euro area,EMU,2022,348627172.0
Eritrea,ERI,2022,3409447.0
Spain,ESP,2022,47759127.0
Estonia,EST,2022,1348840.0
Ethiopia,ETH,2022,125384287.0
European Union,EUU,2022,447847220.0
Fragile and conflict affected situations,FCS,2022,1038158122.0
Finland,FIN,2022,5556106.0
Fiji,FJI,2022,919422.0
France,FRA,2022,68065015.0
Faroe Islands,FRO,2022,53952.0
"Micronesia, Fed. Sts.",FSM,2022,112114.0
Gabon,GAB,2022,2430747.0
United Kingdom,GBR,2022,67791000.0
Georgia,GEO,2022,3712502.0
Ghana,GHA,2022,33149152.0
Gibraltar,GIB,2022,37609.0
Guinea,GIN,2022,14055137.0
Gambia,GMB,2022,2636470.0
Guinea-Bissau,GNB,2022,2105529.0
Equatorial Guinea,GNQ,2022,1803545.0
Greece,GRC,2022,10436882.0
Grenada,GRD,2022,116913.0
Greenland,GRL,2022,56661.0
Guatemala,GTM,2022,17847877.0
Guam,GUM,2022,165180.0
Guyana,GUY,2022,821637.0
High income,HIC,2022,1393036569.0
Hong Kong SAR,HKG,2022,7346100.0
Honduras,HND,2022,10463872.0
Heavily indebted poor countries (HIPC),HPC,2022,893906294.0
Croatia,HRV,2022,3855641.0
Haiti,HTI,2022,11503606.0
Hungary,HUN,2022,9644377.0
IBRD only,IBD,2022,4928694202.0
IDA & IBRD total,IBT,2022,6795222291.5
IDA total,IDA,2022,1866528089.5
IDA blend,IDB,2022,621500917.0
Indonesia,IDN,2022,278830529.0
IDA only,IDX,2022,1245027172.5
Isle of Man,IMN,2022,84132.0
India,IND,2022,1425423212.0
Ireland,IRL,2022,5165700.0
Iran,IRN,2022,89524246.0
Iraq,IRQ,2022,44070551.0
Iceland,ISL,2022,382003.0
Israel,ISR,2022,9557500.0
Italy,ITA,2022,59013667.0
Jamaica,JAM,2022,2839144.0
Jordan,JOR,2022,11256263.0
Japan,JPN,2022,125124989.0
Kazakhstan,KAZ,2022,20034609.0
Kenya,KEN,2022,54252461.0
Kyrgyz Republic,KGZ,2022,6975219.5
Cambodia,KHM,2022,17201724.0
Kiribati,KIR,2022,130469.0
St. Kitts and Nevis,KNA,2022,46709.0
South Korea,KOR,2022,51672569.0
Kuwait,KWT,2022,4589643.0
Latin America & Caribbean (excluding high income),LAC,2022,590730587.0
Laos,LAO,2022,7559007.0
Lebanon,LBN,2022,5744489.0
Liberia,LBR,2022,5373294.0
Libya,LBY,2022,7223805.0
St. Lucia,LCA,2022,178781.0
Latin America & Caribbean,LCN,2022,653104771.0
Least developed countries: UN classification,LDC,2022,1134585604.0
Low income,LIC,2022,716865783.0
Liechtenstein,LIE,2022,39493.0
Sri Lanka,LKA,2022,22181000.0
Lower middle income,LMC,2022,3041203716.5
Low & middle income,LMY,2022,6568731933.5
Lesotho,LSO,2022,2286110.0
Late-demographic dividend,LTE,2022,2324072105.5
Lithuania,LTU,2022,2831639.0
Luxembourg,LUX,2022,653103.0
Latvia,LVA,2022,1879383.0
Macau SAR,MAC,2022,677300.0
St. Martin (French part),MAF,2022,28870.0
Morocco,MAR,2022,37329064.0
Monaco,MCO,2022,38931.0
Moldova,MDA,2022,2528654.0
Madagascar,MDG,2022,30437261.0
Maldives,MDV,2022,524106.0
Middle East & North Africa,MEA,2022,498070255.0
Mexico,MEX,2022,128613117.0
Marshall Islands,MHL,2022,40077.0
Middle income,MIC,2022,5851866150.5
North Macedonia,MKD,2022,1831712.0
Mali,MLI,2022,23072640.0
Malta,MLT,2022,531511.0
Myanmar,MMR,2022,53756787.0
Middle East & North Africa (excluding high income),MNA,2022,432229148.0
Montenegro,MNE,2022,617213.0
Mongolia,MNG,2022,3433748.0
Northern Mariana Islands,MNP,2022,46078.0
Mozambique,MOZ,2022,32656246.0
Mauritania,MRT,2022,4875637.0
Mauritius,MUS,2022,1262523.0
Malawi,MWI,2022,20568728.0
Malaysia,MYS,2022,34695493.0
North America,NAC,2022,372275216.0
Namibia,NAM,2022,2889662.0
New Caledonia,NCL,2022,287123.0
Niger,NER,2022,25311973.0
Nigeria,NGA,2022,223150896.0
Nicaragua,NIC,2022,6730654.0
Netherlands,NLD,2022,17700982.0
Norway,NOR,2022,5457127.0
Nepal,NPL,2022,29715436.0
Nauru,NRU,2022,11801.0
New Zealand,NZL,2022,5117200.0
OECD members,OED,2022,1378506989.0
Oman,OMN,2022,4730226.0
Other small states,OSS,2022,14217718.0
Pakistan,PAK,2022,243700667.0
Panama,PAN,2022,4400773.0
Peru,PER,2022,33475438.0
Philippines,PHL,2022,113964338.0
Palau,PLW,2022,17759.0
Papua New Guinea,PNG,2022,10203169.0
Poland,POL,2022,36821749.0
Pre-demographic dividend,PRE,2022,1051201551.0
Puerto Rico,PRI,2022,3220113.0
"Korea, Dem. People's Rep.",PRK,2022,26328845.0
Portugal,PRT,2022,10434332.0
Paraguay,PRY,2022,6760464.0
West Bank and Gaza,PSE,2022,5043612.0
Pacific island small states,PSS,2022,2656049.0
Post-demographic dividend,PST,2022,1117561802.0
French Polynesia,PYF,2022,280378.0
Qatar,QAT,2022,2657333.0
Romania,ROU,2022,19048502.0
Russia,RUS,2022,144236933.0
Rwanda,RWA,2022,13651030.0
South Asia,SAS,2022,1932289074.0
Saudi Arabia,SAU,2022,32175224.0
Sudan,SDN,2022,49383346.0
Senegal,SEN,2022,17651103.0
Singapore,SGP,2022,5637022.0
Solomon Islands,SLB,2022,781066.0
Sierra Leone,SLE,2022,8276807.0
El Salvador,SLV,2022,6280319.0
San Marino,SMR,2022,33755.0
Somalia,SOM,2022,17801897.0
Serbia,SRB,2022,6664449.0
Sub-Saharan Africa (excluding high income),SSA,2022,1229088695.0
South Sudan,SSD,2022,11021177.0
Sub-Saharan Africa,SSF,2022,1229208573.0
Small states,SST,2022,20005272.0
Sao Tome and Principe,STP,2022,226305.0
Suriname,SUR,2022,623164.0
Slovakia,SVK,2022,5431752.0
Slovenia,SVN,2022,2112076.0
Sweden,SWE,2022,10486941.0
Eswatini,SWZ,2022,1218917.0
Sint Maarten (Dutch part),SXM,2022,42139.0
Seychelles,SYC,2022,119878.0
Syria,SYR,2022,22462173.0
Turks and Caicos Islands,TCA,2022,45847.0
Chad,TCD,2022,18455316.0
East Asia & Pacific (IDA & IBRD countries),TEA,2022,2107261123.0
Europe & Central Asia (IDA & IBRD countries),TEC,2022,461440170.5
Togo,TGO,2022,9089738.0
Thailand,THA,2022,71735329.0
Tajikistan,TJK,2022,10182222.0
Turkmenistan,TKM,2022,7230193.0
Latin America & the Caribbean (IDA & IBRD countries),TLA,2022,637837815.0
Timor-Leste,TLS,2022,1369295.0
Middle East & North Africa (IDA & IBRD countries),TMN,2022,427185536.0
Tonga,TON,2022,105042.0
South Asia (IDA & IBRD),TSA,2022,1932289074.0
Sub-Saharan Africa (IDA & IBRD countries),TSS,2022,1229208573.0
Trinidad and Tobago,TTO,2022,1365805.0
Tunisia,TUN,2022,12119334.0
Turkiye,TUR,2022,84979913.0
Tuvalu,TUV,2022,9992.0
Tanzania,TZA,2022,64711821.0
Uganda,UGA,2022,47312719.0
Ukraine,UKR,2022,41048766.0
Upper middle income,UMC,2022,2810662434.0
Uruguay,URY,2022,3390913.0
United States,USA,2022,333271411.0
Uzbekistan,UZB,2022,34938955.0
St. Vincent and the Grenadines,VCT,2022,102046.0
Venezuela,VEN,2022,28213017.0
British Virgin Islands,VGB,2022,38319.0
Virgin Islands (U.S.),VIR,2022,105413.0
Viet Nam,VNM,2022,99680655.0
Vanuatu,VUT,2022,313046.0
World,WLD,2022,7989981519.5
Samoa,WSM,2022,215261.0
Kosovo,XKX,2022,1768096.0
Yemen,YEM,2022,38222876.0
South Africa,ZAF,2022,62378410.0
Zambia,ZMB,2022,20152938.0
Zimbabwe,ZWE,2022,16069056.0
